{
    "accuracy": 0.8169013857841492,
    "precision": 0.8222068548202515,
    "recall": 0.8169013857841492,
    "f1": 0.8171286582946777,
    "auc": 0.9580429792404175
}