{
    "Cora": {
        "accuracy": 0.8672032356262207,
        "precision": 0.8747929930686951,
        "recall": 0.8672032356262207,
        "f1": 0.8671647310256958,
        "auc": 0.9804266095161438
    },
    "CiteSeer": {
        "accuracy": 0.30896225571632385,
        "precision": 0.24061933159828186,
        "recall": 0.30896225571632385,
        "f1": 0.21883448958396912,
        "auc": 0.6339292526245117,
        "method": "random_projection"
    },
    "PubMed": {
        "accuracy": 0.40567952394485474,
        "precision": 0.27949419617652893,
        "recall": 0.40567952394485474,
        "f1": 0.24060986936092377,
        "auc": 0.6359065771102905,
        "method": "retrain"
    }
}