{
    "Cora": {
        "accuracy": 0.8611670136451721,
        "precision": 0.8737378120422363,
        "recall": 0.8611669540405273,
        "f1": 0.8638144731521606,
        "auc": 0.9800927639007568
    },
    "CiteSeer": {
        "accuracy": 0.2419811338186264,
        "precision": 0.2362181544303894,
        "recall": 0.2419811189174652,
        "f1": 0.18509286642074585,
        "auc": 0.5166525840759277,
        "method": "svd"
    },
    "PubMed": {
        "accuracy": 0.45742252469062805,
        "precision": 0.4629867374897003,
        "recall": 0.45742252469062805,
        "f1": 0.445509672164917,
        "auc": 0.6143499612808228,
        "method": "random_projection"
    }
}