{
    "accuracy": 0.7045454382896423,
    "precision": 0.6484935283660889,
    "recall": 0.8932806253433228,
    "f1": 0.7514547109603882,
    "auc": 0.8320782780647278
}