{
    "Cora": {
        "accuracy": 0.8672032356262207,
        "precision": 0.8790228366851807,
        "recall": 0.8672032356262207,
        "f1": 0.8687441349029541,
        "auc": 0.981838583946228
    },
    "CiteSeer": {
        "accuracy": 0.14386792480945587,
        "precision": 0.19412608444690704,
        "recall": 0.14386792480945587,
        "f1": 0.09447293728590012,
        "auc": 0.528026819229126,
        "method": "svd"
    },
    "PubMed": {
        "accuracy": 0.31906476616859436,
        "precision": 0.3919450044631958,
        "recall": 0.31906476616859436,
        "f1": 0.3312586545944214,
        "auc": 0.5256180167198181,
        "method": "random_projection"
    }
}