{
    "Cora": {
        "accuracy": 0.8611670136451721,
        "precision": 0.8717867136001587,
        "recall": 0.8611669540405273,
        "f1": 0.8627865314483643,
        "auc": 0.9829511046409607
    },
    "CiteSeer": {
        "accuracy": 0.28584906458854675,
        "precision": 0.19768784940242767,
        "recall": 0.28584906458854675,
        "f1": 0.203191339969635,
        "auc": 0.5061997175216675,
        "method": "svd"
    },
    "PubMed": {
        "accuracy": 0.37905678153038025,
        "precision": 0.38436976075172424,
        "recall": 0.37905681133270264,
        "f1": 0.36517399549484253,
        "auc": 0.5229231119155884,
        "method": "retrain"
    }
}