{
    "Cora": {
        "accuracy": 0.8571428656578064,
        "precision": 0.8629835844039917,
        "recall": 0.8571428656578064,
        "f1": 0.8578710556030273,
        "auc": 0.9807806015014648
    },
    "CiteSeer": {
        "accuracy": 0.18018868565559387,
        "precision": 0.10602720081806183,
        "recall": 0.18018867075443268,
        "f1": 0.057926472276449203,
        "auc": 0.4726191461086273,
        "method": "svd"
    },
    "PubMed": {
        "accuracy": 0.3821575343608856,
        "precision": 0.30337610840797424,
        "recall": 0.3821575343608856,
        "f1": 0.33673614263534546,
        "auc": 0.4758462607860565,
        "method": "random_projection"
    }
}