{
    "accuracy": 0.7401185631752014,
    "precision": 0.6733238101005554,
    "recall": 0.9328063130378723,
    "f1": 0.7821043729782104,
    "auc": 0.8842310905456543
}