{
    "accuracy": 0.9871541261672974,
    "precision": 0.9767891764640808,
    "recall": 0.9980236887931824,
    "f1": 0.9872922897338867,
    "auc": 0.9978480339050293
}