{
    "Cora": {
        "accuracy": 0.8551307916641235,
        "precision": 0.8630595803260803,
        "recall": 0.8551307916641235,
        "f1": 0.8564283847808838,
        "auc": 0.9817954301834106
    },
    "CiteSeer": {
        "accuracy": 0.1712264120578766,
        "precision": 0.11693569272756577,
        "recall": 0.1712264120578766,
        "f1": 0.11765197664499283,
        "auc": 0.4637276530265808,
        "method": "random_projection"
    },
    "PubMed": {
        "accuracy": 0.22870182991027832,
        "precision": 0.25446662306785583,
        "recall": 0.22870181500911713,
        "f1": 0.11284719407558441,
        "auc": 0.6358610987663269,
        "method": "retrain"
    }
}