{
    "Cora": {
        "accuracy": 0.8732394576072693,
        "precision": 0.8773255348205566,
        "recall": 0.8732393980026245,
        "f1": 0.873023271560669,
        "auc": 0.9859359860420227
    },
    "CiteSeer": {
        "accuracy": 0.19292452931404114,
        "precision": 0.3805558383464813,
        "recall": 0.19292452931404114,
        "f1": 0.1326325535774231,
        "auc": 0.5723525285720825,
        "method": "svd"
    },
    "PubMed": {
        "accuracy": 0.25186386704444885,
        "precision": 0.41197773814201355,
        "recall": 0.25186389684677124,
        "f1": 0.20748446881771088,
        "auc": 0.5607531666755676,
        "method": "random_projection"
    }
}