{
    "Cora": {
        "accuracy": 0.8732394576072693,
        "precision": 0.879706859588623,
        "recall": 0.8732393980026245,
        "f1": 0.8738263249397278,
        "auc": 0.984310507774353
    },
    "CiteSeer": {
        "accuracy": 0.13349056243896484,
        "precision": 0.10472482442855835,
        "recall": 0.13349056243896484,
        "f1": 0.10707549750804901,
        "auc": 0.48246675729751587,
        "method": "svd"
    },
    "PubMed": {
        "accuracy": 0.3643556237220764,
        "precision": 0.39935415983200073,
        "recall": 0.3643556237220764,
        "f1": 0.3705354928970337,
        "auc": 0.5471773147583008,
        "method": "zero_padding"
    }
}