{
    "accuracy": 0.7549406886100769,
    "precision": 0.6942771077156067,
    "recall": 0.9110671877861023,
    "f1": 0.788034200668335,
    "auc": 0.8490837216377258
}