{
    "Cora": {
        "accuracy": 0.8651911616325378,
        "precision": 0.8785789012908936,
        "recall": 0.8651911616325378,
        "f1": 0.8668792247772217,
        "auc": 0.9844786524772644
    },
    "CiteSeer": {
        "accuracy": 0.23820754885673523,
        "precision": 0.26832184195518494,
        "recall": 0.23820754885673523,
        "f1": 0.21942496299743652,
        "auc": 0.5659410953521729,
        "method": "retrain"
    },
    "PubMed": {
        "accuracy": 0.39564841985702515,
        "precision": 0.36551642417907715,
        "recall": 0.39564841985702515,
        "f1": 0.25013238191604614,
        "auc": 0.5491624474525452,
        "method": "random_projection"
    }
}