{
    "accuracy": 0.8108651638031006,
    "precision": 0.8187664747238159,
    "recall": 0.8108651638031006,
    "f1": 0.8112261891365051,
    "auc": 0.9570021629333496
}