{
    "accuracy": 0.7806324362754822,
    "precision": 0.7253968119621277,
    "recall": 0.9031620621681213,
    "f1": 0.8045774698257446,
    "auc": 0.8573130369186401
}