{
    "Cora": {
        "accuracy": 0.8651911616325378,
        "precision": 0.8705315589904785,
        "recall": 0.8651911020278931,
        "f1": 0.8655686378479004,
        "auc": 0.9783493280410767
    },
    "CiteSeer": {
        "accuracy": 0.25047171115875244,
        "precision": 0.11627549678087234,
        "recall": 0.25047171115875244,
        "f1": 0.11994818598031998,
        "auc": 0.5255621075630188,
        "method": "svd"
    },
    "PubMed": {
        "accuracy": 0.424151748418808,
        "precision": 0.3740996718406677,
        "recall": 0.424151748418808,
        "f1": 0.29050299525260925,
        "auc": 0.6067391633987427,
        "method": "random_projection"
    }
}