{
    "Cora": {
        "accuracy": 0.8672032356262207,
        "precision": 0.8766447901725769,
        "recall": 0.8672032356262207,
        "f1": 0.8680582642555237,
        "auc": 0.9853517413139343
    },
    "CiteSeer": {
        "accuracy": 0.161320760846138,
        "precision": 0.15400388836860657,
        "recall": 0.161320760846138,
        "f1": 0.10983489453792572,
        "auc": 0.5726562738418579,
        "method": "svd"
    },
    "PubMed": {
        "accuracy": 0.3505097031593323,
        "precision": 0.42594677209854126,
        "recall": 0.3505097031593323,
        "f1": 0.2707374095916748,
        "auc": 0.612092137336731,
        "method": "random_projection"
    }
}