{
    "accuracy": 0.70652174949646,
    "precision": 0.7458823323249817,
    "recall": 0.6264821887016296,
    "f1": 0.6809881925582886,
    "auc": 0.7733911871910095
}