{
    "accuracy": 0.7588932514190674,
    "precision": 0.6850282549858093,
    "recall": 0.9584980010986328,
    "f1": 0.7990115284919739,
    "auc": 0.9044977426528931
}