{
    "Cora": {
        "accuracy": 0.8571428656578064,
        "precision": 0.8632750511169434,
        "recall": 0.8571428060531616,
        "f1": 0.857324481010437,
        "auc": 0.9808590412139893
    },
    "CiteSeer": {
        "accuracy": 0.2198113203048706,
        "precision": 0.07023753225803375,
        "recall": 0.2198113203048706,
        "f1": 0.09629666060209274,
        "auc": 0.49946123361587524,
        "method": "random_projection"
    },
    "PubMed": {
        "accuracy": 0.2805193364620209,
        "precision": 0.411383718252182,
        "recall": 0.28051936626434326,
        "f1": 0.20863839983940125,
        "auc": 0.5158314108848572,
        "method": "random_projection"
    }
}